{"timestamps": [1527321099.0262144], "episode_rewards": [1226.3459514728518], "initial_reset_timestamp": 1527321082.0803323, "episode_types": ["t"], "episode_lengths": [1000]}