{"episode_types": ["t"], "episode_rewards": [-15103.664167766305], "episode_lengths": [1000], "initial_reset_timestamp": 1527305447.4637675, "timestamps": [1527305466.6607127]}