{"episode_rewards": [-10612.51339862715], "episode_lengths": [1000], "initial_reset_timestamp": 1527305794.6908808, "timestamps": [1527305813.4928787], "episode_types": ["t"]}