{"timestamps": [1527313498.347313], "episode_rewards": [-9589.994808995469], "initial_reset_timestamp": 1527313479.1665494, "episode_types": ["t"], "episode_lengths": [1000]}