{"episode_types": ["t"], "episode_rewards": [-2546.36964610642], "initial_reset_timestamp": 1527306384.1601224, "episode_lengths": [1000], "timestamps": [1527306402.7972267]}