{"timestamps": [1527306048.8909822], "episode_types": ["t"], "initial_reset_timestamp": 1527306028.89995, "episode_rewards": [-14303.419319229417], "episode_lengths": [1000]}