{"episode_lengths": [8], "episode_types": ["t"], "initial_reset_timestamp": 1527312158.4179251, "episode_rewards": [8.0], "timestamps": [1527312159.1461742]}