{"timestamps": [1527312240.6900043], "episode_rewards": [11.0], "episode_types": ["t"], "initial_reset_timestamp": 1527312239.9422522, "episode_lengths": [11]}