{"episode_rewards": [49.0], "episode_types": ["t"], "initial_reset_timestamp": 1527313082.9439864, "episode_lengths": [49], "timestamps": [1527313083.719591]}