{"initial_reset_timestamp": 1527313116.8076336, "episode_rewards": [3.0], "episode_lengths": [3], "episode_types": ["t"], "timestamps": [1527313117.4615896]}