{"initial_reset_timestamp": 1527312515.1770236, "episode_rewards": [6.0], "episode_types": ["t"], "episode_lengths": [6], "timestamps": [1527312515.8926644]}