{"episode_types": ["t"], "timestamps": [1527310824.0597568], "episode_lengths": [15], "episode_rewards": [15.0], "initial_reset_timestamp": 1527310823.258236}