{"initial_reset_timestamp": 1527313221.8396513, "episode_rewards": [1000.0], "episode_lengths": [1000], "episode_types": ["t"], "timestamps": [1527313235.438385]}