{"timestamps": [1527312356.6563368], "episode_rewards": [1000.0], "episode_types": ["t"], "initial_reset_timestamp": 1527312343.0495257, "episode_lengths": [1000]}