{"initial_reset_timestamp": 1527261928.411781, "timestamps": [1527261929.804555], "episode_lengths": [15], "episode_rewards": [15.0], "episode_types": ["t"]}