{"initial_reset_timestamp": 1527261003.6885781, "timestamps": [1527261004.9206028], "episode_lengths": [11], "episode_rewards": [11.0], "episode_types": ["t"]}