{"initial_reset_timestamp": 1527260964.46206, "timestamps": [1527260970.87797], "episode_lengths": [200], "episode_rewards": [200.0], "episode_types": ["t"]}