{"initial_reset_timestamp": 1527261801.901071, "timestamps": [1527261803.5875719], "episode_lengths": [28], "episode_rewards": [28.0], "episode_types": ["t"]}