{"initial_reset_timestamp": 1527261849.20886, "timestamps": [1527261855.533094], "episode_lengths": [200], "episode_rewards": [200.0], "episode_types": ["t"]}