{"initial_reset_timestamp": 1527261977.868118, "timestamps": [1527261984.011869], "episode_lengths": [200], "episode_rewards": [200.0], "episode_types": ["t"]}