{"initial_reset_timestamp": 1527261759.305751, "timestamps": [1527261762.441746], "episode_lengths": [105], "episode_rewards": [105.0], "episode_types": ["t"]}