{"initial_reset_timestamp": 1527260803.483701, "timestamps": [1527260809.661779], "episode_lengths": [200], "episode_rewards": [200.0], "episode_types": ["t"]}