{"initial_reset_timestamp": 1527260344.515884, "timestamps": [1527260345.884934], "episode_lengths": [21], "episode_rewards": [21.0], "episode_types": ["t"]}