{"initial_reset_timestamp": 1527261711.9985542, "timestamps": [1527261713.374049], "episode_lengths": [19], "episode_rewards": [19.0], "episode_types": ["t"]}