{"initial_reset_timestamp": 1527260937.856728, "timestamps": [1527260939.068544], "episode_lengths": [12], "episode_rewards": [12.0], "episode_types": ["t"]}