{"initial_reset_timestamp": 1527261900.593982, "timestamps": [1527261902.497024], "episode_lengths": [32], "episode_rewards": [32.0], "episode_types": ["t"]}