{"initial_reset_timestamp": 1527260752.9382331, "timestamps": [1527260754.356521], "episode_lengths": [20], "episode_rewards": [20.0], "episode_types": ["t"]}