{"initial_reset_timestamp": 1527260394.141732, "timestamps": [1527260400.2332501], "episode_lengths": [200], "episode_rewards": [200.0], "episode_types": ["t"]}